{
  "project_info": {
    "project_number": "46231654295",
    "project_id": "login-register-firebase-fbd09",
    "storage_bucket": "login-register-firebase-fbd09.appspot.com"
  },
  "client": [
    {
      "client_info": {
        "mobilesdk_app_id": "1:46231654295:android:2681cbc6f60891e1597ed2",
        "android_client_info": {
          "package_name": "com.example.mentor"
        }
      },
      "oauth_client": [],
      "api_key": [
        {
          "current_key": "AIzaSyA8ax8XkZkjee5wiTHpd0H1iEckZWI1YrM"
        }
      ],
      "services": {
        "appinvite_service": {
          "other_platform_oauth_client": []
        }
      }
    }
  ],
  "configuration_version": "1"
}